"","name","X","Y","cluster","row.name","False","gender","SeniorCitizen","Partner","Dependents","tenure","PhoneService","MultipleLines","InternetService","OnlineSecurity","OnlineBackup","DeviceProtection","TechSupport","StreamingTV","StreamingMovies","Contract","PaperlessBilling","PaymentMethod","MonthlyCharges","TotalCharges","Churn","tenure_charges","tenure_interval"
"1","0374-IOEGQ",12.2788908487454,6.38419732944999,"1","5817",TRUE,"Female",0,"No","No",3,"Yes","No","DSL","No","No","No","No","No","No","Month-to-month","No","Electronic check",44.6,122.7,"0","level-1","0-6 Month"
"2","0415-MOSGF",12.8454999900102,6.74003793726779,"1","2741",TRUE,"Female",0,"No","No",1,"Yes","No","DSL","No","No","No","No","No","No","Month-to-month","No","Mailed check",44.4,44.4,"1","level-1","0-6 Month"
"3","0587-DMGBH",12.0170430138933,5.3172233066116,"1","3189",TRUE,"Female",0,"No","No",8,"Yes","No","DSL","Yes","No","No","No","No","No","Month-to-month","Yes","Electronic check",49.85,365.55,"1","level-1","6-12 Month"
"4","0601-WZHJF",11.1326401611068,5.05397280895434,"1","5637",TRUE,"Male",0,"Yes","No",14,"No","No","DSL","No","No","No","No","Yes","Yes","Month-to-month","No","Electronic check",46.35,667.7,"1","level-1","12-24 Month"
"5","0674-EYYZV",13.3583157086484,5.74309857963181,"1","6664",TRUE,"Female",0,"No","No",1,"Yes","No","DSL","No","No","No","No","Yes","No","Month-to-month","Yes","Electronic check",54.65,54.65,"0","level-2","0-6 Month"
"6","0778-NELLA",10.9980102995058,6.69932804517016,"1","5537",TRUE,"Male",0,"No","No",9,"No","No","DSL","No","No","No","No","Yes","No","Month-to-month","Yes","Credit card (automatic)",34.7,296.1,"1","level-1","6-12 Month"
"7","0836-SEYLU",11.3433952401002,6.13466214480203,"1","3681",TRUE,"Male",0,"Yes","No",9,"No","No","DSL","No","No","No","Yes","Yes","No","Month-to-month","No","Mailed check",40.65,328.95,"1","level-1","6-12 Month"
"8","0870-VEMYL",12.6371000112728,5.19389081945952,"1","6138",TRUE,"Female",0,"No","No",5,"Yes","No","DSL","Yes","No","No","Yes","No","No","Month-to-month","No","Credit card (automatic)",53.85,259.8,"1","level-2","0-6 Month"
"9","0988-JRWWP",12.9219617509112,5.42371042701716,"1","4479",TRUE,"Female",0,"No","No",3,"Yes","No","DSL","No","No","No","No","Yes","No","Month-to-month","Yes","Electronic check",54.2,140.4,"0","level-2","0-6 Month"
"10","0991-BRRFB",10.9020080590345,4.54055597959765,"1","3912",TRUE,"Male",0,"No","No",18,"Yes","No","DSL","Yes","No","No","No","No","No","Month-to-month","No","Electronic check",49.4,874.8,"1","level-1","12-24 Month"
"11","1078-TDCRN",11.6536618311431,7.45730925180821,"1","5145",TRUE,"Female",1,"Yes","No",3,"No","No","DSL","No","Yes","No","No","No","No","Month-to-month","Yes","Electronic check",30.75,82.85,"0","level-1","0-6 Month"
"12","1120-BMWUB",11.2533146565996,4.30121458115311,"1","3352",TRUE,"Female",0,"No","No",16,"Yes","No","DSL","No","Yes","No","Yes","No","No","Month-to-month","Yes","Mailed check",53.9,834.15,"1","level-2","12-24 Month"
"13","1322-AGOQM",9.60257512327514,4.44120966027089,"1","3043",TRUE,"Male",0,"No","No",46,"No","No","DSL","No","Yes","No","No","No","No","Month-to-month","No","Bank transfer (automatic)",30.3,1380.1,"1","level-1","36-48 Month"
"14","1373-ORVIZ",12.1592112901756,3.99352910563456,"1","1212",TRUE,"Female",0,"Yes","Yes",11,"Yes","Yes","DSL","No","No","No","Yes","No","Yes","Month-to-month","Yes","Electronic check",66.35,740.8,"1","level-2","6-12 Month"
"15","1471-GIQKQ",13.1429436462869,6.1189872128765,"1","7017",TRUE,"Female",0,"No","No",1,"Yes","No","DSL","No","Yes","No","No","No","No","Month-to-month","No","Electronic check",49.95,49.95,"0","level-1","0-6 Month"
"16","1478-VPOAD",12.7614754079237,6.81219468451059,"1","1634",TRUE,"Female",0,"No","No",1,"Yes","No","DSL","No","No","No","No","No","No","Month-to-month","No","Electronic check",43.8,43.8,"0","level-1","0-6 Month"
"17","1636-NTNCO",12.6019692143909,5.60673461001831,"1","1893",TRUE,"Male",1,"No","No",4,"No","No","DSL","No","Yes","No","No","Yes","Yes","Month-to-month","Yes","Credit card (automatic)",50.95,207.35,"0","level-2","0-6 Month"
"18","1728-BQDMA",12.4221382699416,6.5418470804447,"1","3049",TRUE,"Female",0,"No","No",2,"Yes","No","DSL","No","No","No","No","No","No","Month-to-month","No","Electronic check",44.45,82.7,"0","level-1","0-6 Month"
"19","1794-HBQTJ",13.0301766889667,6.23491996422711,"1","5604",TRUE,"Female",0,"No","No",1,"Yes","No","DSL","Yes","No","No","No","No","No","Month-to-month","Yes","Credit card (automatic)",48.6,48.6,"1","level-1","0-6 Month"
"20","1942-OQFRW",12.7005870858769,6.77919088804738,"1","2703",TRUE,"Male",0,"No","No",1,"Yes","No","DSL","No","No","No","No","No","No","Month-to-month","No","Electronic check",44,44,"0","level-1","0-6 Month"
"21","2011-TRQYE",10.3485593760413,5.80751477874627,"1","2645",TRUE,"Male",0,"No","No",18,"No","No","DSL","No","Yes","Yes","No","No","No","Month-to-month","Yes","Credit card (automatic)",33.5,600,"1","level-1","12-24 Month"
"22","2041-JIJCI",12.947722610839,4.54203232855813,"1","3294",TRUE,"Female",0,"No","No",5,"Yes","Yes","DSL","No","Yes","No","No","No","Yes","Month-to-month","Yes","Electronic check",64,370.25,"0","level-2","0-6 Month"
"23","2100-BDNSN",13.1045305477319,4.42055499971532,"1","6487",TRUE,"Female",0,"Yes","No",5,"Yes","Yes","DSL","No","No","Yes","Yes","Yes","No","Month-to-month","No","Bank transfer (automatic)",67.95,350.3,"1","level-2","0-6 Month"
"24","2108-XWMPY",11.9052538828399,7.14117807272122,"1","7000",TRUE,"Male",0,"No","No",3,"No","No","DSL","Yes","Yes","No","No","No","No","Month-to-month","Yes","Mailed check",35.45,106.85,"1","level-1","0-6 Month"
"25","2232-DMLXU",13.3798051914093,5.71011022001654,"1","228",TRUE,"Female",0,"Yes","No",1,"Yes","No","DSL","No","No","No","No","Yes","No","Month-to-month","No","Mailed check",55.2,55.2,"1","level-2","0-6 Month"
"26","2235-ZGKPT",12.5852103405433,5.58790372382226,"1","3357",TRUE,"Female",0,"Yes","Yes",4,"Yes","Yes","DSL","No","No","No","No","No","No","Month-to-month","No","Mailed check",50.85,239.55,"1","level-2","0-6 Month"
"27","2309-OSFEU",10.896975849907,6.6922769994896,"1","2991",TRUE,"Male",0,"No","No",10,"No","No","DSL","No","No","No","No","No","Yes","Month-to-month","Yes","Mailed check",33.9,298.45,"1","level-1","6-12 Month"
"28","2778-OCLGR",10.1388582538119,4.94719182718008,"1","4741",TRUE,"Male",1,"Yes","No",24,"No","No","DSL","Yes","No","No","No","No","Yes","Month-to-month","No","Bank transfer (automatic)",39.1,971.3,"1","level-1","12-24 Month"
"29","2817-NTQDO",11.195298969849,5.23231656234592,"1","545",TRUE,"Male",0,"No","No",13,"No","No","DSL","Yes","No","No","Yes","Yes","No","Month-to-month","Yes","Credit card (automatic)",45.55,597,"1","level-1","12-24 Month"
"30","2842-JTCCU",12.4450618003814,6.32093486986025,"1","6228",TRUE,"Male",0,"No","No",2,"Yes","No","DSL","No","No","No","No","No","No","Month-to-month","No","Bank transfer (automatic)",46.05,80.35,"1","level-1","0-6 Month"
"31","2911-UREFD",10.0343151101809,3.46490604508358,"1","5063",TRUE,"Female",0,"Yes","No",39,"No","No","DSL","Yes","No","Yes","No","Yes","Yes","Month-to-month","No","Electronic check",55.9,2184.35,"1","level-2","36-48 Month"
"32","2947-DOMLJ",13.1597725152589,6.05443927722251,"1","3424",TRUE,"Male",0,"No","Yes",1,"Yes","No","DSL","Yes","No","No","No","No","No","Month-to-month","No","Mailed check",50.6,50.6,"1","level-2","0-6 Month"
"33","2957-LOLHO",11.3047786341332,5.38184432925713,"1","434",TRUE,"Male",0,"No","No",12,"Yes","No","DSL","No","No","No","No","No","No","Month-to-month","Yes","Bank transfer (automatic)",45.4,518.9,"1","level-1","6-12 Month"
"34","3050-GBUSH",11.8174992100282,7.15861664261276,"1","876",TRUE,"Female",0,"No","No",3,"No","No","DSL","No","No","No","No","Yes","No","Month-to-month","Yes","Credit card (automatic)",34.8,113.95,"0","level-1","0-6 Month"
"35","3137-LUPIX",13.2128705841395,4.71669364117159,"1","5385",TRUE,"Female",0,"No","No",4,"Yes","Yes","DSL","No","No","No","Yes","Yes","No","Month-to-month","Yes","Mailed check",64.4,253,"0","level-2","0-6 Month"
"36","3234-VKACU",13.7122748582029,4.95138134132076,"1","1000",TRUE,"Male",0,"No","No",2,"Yes","No","DSL","No","No","No","Yes","Yes","Yes","Month-to-month","No","Electronic check",70.3,132.4,"0","level-3","0-6 Month"
"37","3278-FSIXX",12.4485478096251,6.4355965329102,"1","6266",TRUE,"Female",0,"No","No",2,"Yes","No","DSL","No","No","No","No","No","No","Month-to-month","Yes","Mailed check",45.25,74.2,"0","level-1","0-6 Month"
"38","3413-BMNZE",12.9846556566121,6.64566382529601,"1","35",TRUE,"Male",1,"No","No",1,"Yes","No","DSL","No","No","No","No","No","No","Month-to-month","No","Bank transfer (automatic)",45.25,45.25,"0","level-1","0-6 Month"
"39","3426-NIYYL",11.2684765140103,4.53025092547823,"1","2721",TRUE,"Male",0,"No","No",15,"Yes","Yes","DSL","No","No","No","No","No","No","Month-to-month","No","Electronic check",51.55,765.5,"1","level-2","12-24 Month"
"40","3439-GVUSX",11.862169164595,7.96875000009745,"1","6537",TRUE,"Male",0,"No","No",1,"No","No","DSL","No","No","No","No","No","No","Month-to-month","No","Mailed check",24.4,24.4,"0","level-1","0-6 Month"
"41","3518-PZXZQ",13.3934397341435,5.70519913597047,"1","2734",TRUE,"Female",0,"Yes","No",1,"Yes","No","DSL","No","No","No","No","Yes","No","Month-to-month","Yes","Mailed check",55.3,55.3,"0","level-2","0-6 Month"
"42","3658-KIBGF",13.3683263476279,5.72535735226803,"1","3363",TRUE,"Female",0,"No","No",1,"Yes","No","DSL","Yes","Yes","No","No","No","No","Month-to-month","Yes","Electronic check",54.9,54.9,"1","level-2","0-6 Month"
"43","3982-XWFZQ",9.92914669104429,3.54516327556176,"1","6143",TRUE,"Female",0,"Yes","No",42,"Yes","Yes","DSL","No","No","No","No","No","No","Month-to-month","Yes","Electronic check",50.25,2203.65,"1","level-2","36-48 Month"
"44","3995-WFCSM",13.4721062437907,5.27893922091934,"1","2172",TRUE,"Female",0,"No","No",2,"Yes","No","DSL","No","No","Yes","No","No","Yes","Month-to-month","No","Electronic check",60.85,111.4,"0","level-2","0-6 Month"
"45","4065-JJAVA",13.1218977323021,6.15357126769176,"1","1014",TRUE,"Female",0,"No","No",1,"Yes","No","DSL","No","Yes","No","No","No","No","Month-to-month","No","Electronic check",49.5,49.5,"0","level-1","0-6 Month"
"46","4080-OGPJL",12.7120545976502,4.05317409577981,"1","142",TRUE,"Female",0,"No","No",8,"Yes","Yes","DSL","Yes","No","No","Yes","No","Yes","Month-to-month","No","Electronic check",71.15,563.65,"1","level-3","6-12 Month"
"47","4250-FDVOU",12.5408720992957,4.87993380889391,"1","3077",TRUE,"Female",0,"No","No",6,"Yes","No","DSL","Yes","Yes","No","No","No","No","Month-to-month","No","Electronic check",56.25,389.1,"1","level-2","0-6 Month"
"48","4367-NHWMM",11.8921050027018,7.93806555827198,"1","6002",TRUE,"Female",0,"No","No",1,"No","No","DSL","No","No","No","No","No","No","Month-to-month","Yes","Mailed check",24.9,24.9,"0","level-1","0-6 Month"
"49","4580-TMHJU",9.96395547168251,3.39922770659068,"1","642",TRUE,"Female",0,"Yes","Yes",43,"Yes","No","DSL","No","No","No","No","Yes","No","Month-to-month","No","Electronic check",56.15,2499.3,"1","level-2","36-48 Month"
"50","4706-DGAHW",12.965872151007,6.64879481351825,"1","2297",TRUE,"Male",1,"No","No",1,"Yes","No","DSL","No","No","No","No","No","No","Month-to-month","No","Electronic check",45.2,45.2,"0","level-1","0-6 Month"
"51","4958-GZWIY",12.0471723001316,5.51721438963512,"1","2062",TRUE,"Male",0,"Yes","Yes",7,"Yes","No","DSL","No","No","Yes","No","No","No","Month-to-month","No","Electronic check",48.7,340.25,"1","level-1","6-12 Month"
"52","5016-ETTFF",10.9114805613029,7.10336505939564,"1","3319",TRUE,"Male",0,"No","No",10,"No","No","DSL","No","No","Yes","No","No","No","Month-to-month","No","Mailed check",29.5,255.25,"1","level-1","6-12 Month"
"53","5057-LCOUI",9.98025472173977,3.59983388108147,"1","5684",TRUE,"Female",0,"No","No",39,"No","No","DSL","No","No","Yes","No","Yes","Yes","Month-to-month","Yes","Electronic check",50.75,2011.4,"1","level-2","36-48 Month"
"54","5087-SUURX",10.4638676727578,5.35215723659385,"1","5566",TRUE,"Female",0,"Yes","No",18,"No","No","DSL","No","No","Yes","No","Yes","No","Month-to-month","Yes","Electronic check",39.05,669.85,"1","level-1","12-24 Month"
"55","5154-VEKBL",12.2474983838319,4.4567381473313,"1","3947",TRUE,"Female",0,"No","No",9,"No","No","DSL","Yes","No","Yes","Yes","Yes","Yes","Month-to-month","No","Mailed check",58.5,539.85,"1","level-2","6-12 Month"
"56","5174-RNGBH",12.4476893552524,4.10564712354305,"1","4813",TRUE,"Female",0,"No","No",9,"Yes","No","DSL","No","Yes","No","Yes","Yes","No","Month-to-month","No","Mailed check",66.25,620.55,"1","level-2","6-12 Month"
"57","5356-CSVSQ",13.4218016508145,4.90306577044581,"1","1915",TRUE,"Female",0,"No","No",3,"Yes","Yes","DSL","No","No","No","Yes","Yes","No","Month-to-month","No","Electronic check",64.6,174.2,"0","level-2","0-6 Month"
"58","5365-LLFYV",12.418973141389,6.31764655374039,"1","4701",TRUE,"Female",0,"No","No",2,"Yes","No","DSL","No","No","No","No","No","No","Month-to-month","Yes","Mailed check",45.85,105.6,"0","level-1","0-6 Month"
"59","5482-NUPNA",13.0878014611614,4.90998041929385,"1","7012",TRUE,"Female",0,"No","No",4,"Yes","No","DSL","Yes","Yes","No","Yes","No","No","Month-to-month","Yes","Mailed check",60.4,272.15,"1","level-2","0-6 Month"
"60","5649-TJHOV",9.97551523779835,4.97436079513376,"1","6040",TRUE,"Male",1,"Yes","No",27,"No","No","DSL","No","No","No","No","No","Yes","Month-to-month","No","Bank transfer (automatic)",36.5,1032,"1","level-1","24-36 Month"
"61","6158-HDPXZ",11.9079818619884,7.91644959332813,"1","377",TRUE,"Male",0,"No","No",1,"No","No","DSL","No","No","No","No","No","No","Month-to-month","No","Mailed check",25.35,25.35,"0","level-1","0-6 Month"
"62","6185-TASNN",13.1629747443485,6.53950755536927,"1","3599",TRUE,"Male",1,"No","No",1,"Yes","No","DSL","No","No","No","No","No","No","Month-to-month","No","Electronic check",46.3,46.3,"0","level-1","0-6 Month"
"63","6214-EDAKZ",10.762526398734,3.9701529322047,"1","3020",TRUE,"Female",0,"Yes","Yes",22,"Yes","No","DSL","No","Yes","No","Yes","No","No","Month-to-month","No","Electronic check",55.15,1206.05,"1","level-2","12-24 Month"
"64","6240-EURKS",10.3676561818974,5.74797569306545,"1","1403",TRUE,"Female",0,"No","Yes",18,"No","No","DSL","No","No","No","No","No","Yes","Month-to-month","Yes","Electronic check",35,553,"1","level-1","12-24 Month"
"65","6397-JNZZG",9.9718341307874,3.42784313721615,"1","3195",TRUE,"Female",1,"Yes","No",43,"No","No","DSL","No","Yes","Yes","No","Yes","Yes","Month-to-month","No","Credit card (automatic)",55.55,2342.2,"1","level-2","36-48 Month"
"66","6519-CFDBX",12.4446995804201,6.40772188289272,"1","1764",TRUE,"Female",0,"No","No",2,"Yes","No","DSL","No","No","No","No","No","No","Month-to-month","Yes","Electronic check",45.4,80.95,"0","level-1","0-6 Month"
"67","6581-NQCBA",11.1087983026328,4.57886618007596,"1","1226",TRUE,"Female",0,"Yes","No",16,"No","No","DSL","No","No","No","Yes","Yes","Yes","Month-to-month","Yes","Electronic check",49.95,810.2,"1","level-1","12-24 Month"
"68","6637-KYRCV",11.3800432088958,7.37025073473414,"1","1911",TRUE,"Female",0,"Yes","Yes",5,"No","No","DSL","No","Yes","No","No","No","No","Month-to-month","Yes","Electronic check",30.5,167.2,"0","level-1","0-6 Month"
"69","6682-QJDGB",10.0200346125234,3.47590549187166,"1","5271",TRUE,"Male",0,"No","Yes",40,"Yes","No","DSL","Yes","Yes","No","No","No","No","Month-to-month","Yes","Mailed check",55.25,2139.2,"1","level-2","36-48 Month"
"70","6839-ITVZJ",10.549134853857,3.63682108708833,"1","1687",TRUE,"Female",0,"Yes","Yes",26,"Yes","Yes","DSL","No","Yes","No","Yes","No","No","Month-to-month","Yes","Electronic check",60.05,1616.15,"1","level-2","24-36 Month"
"71","6907-FLBER",13.3753378206266,5.77086584427785,"1","5190",TRUE,"Male",0,"No","No",1,"Yes","Yes","DSL","No","Yes","No","No","No","No","Month-to-month","No","Electronic check",54.3,54.3,"0","level-2","0-6 Month"
"72","7284-BUYEC",12.4872396174062,5.52217509829206,"1","3293",TRUE,"Female",0,"No","No",5,"No","No","DSL","No","Yes","No","No","Yes","Yes","Month-to-month","Yes","Credit card (automatic)",50.95,229.4,"0","level-2","0-6 Month"
"73","7365-BVCJH",11.862169164595,7.96875000009745,"1","3259",TRUE,"Male",0,"No","No",1,"No","No","DSL","No","No","No","No","No","No","Month-to-month","Yes","Electronic check",24.4,24.4,"0","level-1","0-6 Month"
"74","7389-KBFIT",11.7756686229945,7.53676680216711,"1","2399",TRUE,"Female",0,"Yes","Yes",2,"No","No","DSL","No","Yes","No","No","No","No","Month-to-month","Yes","Mailed check",30.25,63.75,"0","level-1","0-6 Month"
"75","7442-YGZFK",13.0702474197599,6.10455026597354,"1","1944",TRUE,"Male",0,"No","No",1,"Yes","Yes","DSL","No","No","No","No","No","No","Month-to-month","Yes","Credit card (automatic)",49.8,49.8,"0","level-1","0-6 Month"
"76","7593-JNWRU",11.9446798990778,6.04207309659333,"1","2617",TRUE,"Male",0,"Yes","Yes",6,"Yes","No","DSL","No","No","No","No","No","No","Month-to-month","Yes","Bank transfer (automatic)",44.6,260.8,"1","level-1","0-6 Month"
"77","7619-ODSGN",10.6155846183602,3.90570064940312,"1","2186",TRUE,"Male",0,"Yes","Yes",24,"Yes","Yes","DSL","Yes","No","No","No","No","No","Month-to-month","No","Electronic check",54.75,1338.15,"1","level-2","12-24 Month"
"78","7729-JTEEC",12.4132110008726,6.52336946570526,"1","6605",TRUE,"Male",0,"Yes","Yes",2,"Yes","No","DSL","No","No","No","No","No","No","Month-to-month","Yes","Electronic check",44.5,90.05,"0","level-1","0-6 Month"
"79","7743-EXURX",12.068169431957,5.16296437508294,"1","3491",TRUE,"Male",0,"Yes","Yes",8,"Yes","No","DSL","No","No","Yes","No","No","No","Month-to-month","Yes","Electronic check",51.05,415.05,"1","level-2","6-12 Month"
"80","8066-POXGX",10.6639367253368,6.16064427976683,"1","5800",TRUE,"Female",0,"No","No",13,"No","No","DSL","No","No","No","No","No","Yes","Month-to-month","Yes","Electronic check",35.1,446.1,"1","level-1","12-24 Month"
"81","8280-MQRQN",13.1368670610869,6.06135057446452,"1","4456",TRUE,"Female",0,"No","No",1,"Yes","No","DSL","No","No","Yes","No","No","No","Month-to-month","Yes","Mailed check",50.45,50.45,"1","level-2","0-6 Month"
"82","8292-TYSPY",10.9929091725499,4.08439096941749,"1","5002",TRUE,"Male",0,"No","No",19,"Yes","No","DSL","No","No","Yes","Yes","No","No","Month-to-month","Yes","Credit card (automatic)",55,1046.5,"1","level-2","12-24 Month"
"83","8313-KTIHG",13.1196182630643,4.8724400160552,"1","5378",TRUE,"Male",0,"No","No",4,"Yes","No","DSL","No","No","No","Yes","Yes","No","Month-to-month","Yes","Electronic check",61.3,249.4,"0","level-2","0-6 Month"
"84","8399-YNDCH",10.9742158483031,3.75660017657698,"1","1182",TRUE,"Male",1,"No","No",21,"Yes","No","DSL","No","No","Yes","No","Yes","No","Month-to-month","Yes","Bank transfer (automatic)",60.05,1236.15,"1","level-2","12-24 Month"
"85","8404-GFGCZ",13.2307367230001,4.62654577646552,"1","4892",TRUE,"Male",0,"Yes","No",4,"Yes","Yes","DSL","No","No","Yes","No","Yes","No","Month-to-month","No","Electronic check",65.6,250.1,"0","level-2","0-6 Month"
"86","8445-DNBAE",13.1369327132613,6.10093844133062,"1","1447",TRUE,"Male",0,"No","Yes",1,"Yes","Yes","DSL","No","No","No","No","No","No","Month-to-month","Yes","Electronic check",50.05,50.05,"0","level-2","0-6 Month"
"87","8450-JOVAH",13.3523936486531,5.44681339897543,"1","6797",TRUE,"Male",0,"Yes","Yes",2,"Yes","Yes","DSL","Yes","No","No","No","No","No","Month-to-month","No","Mailed check",56.7,113.55,"1","level-2","0-6 Month"
"88","8601-QACRS",12.4546105041944,5.52825489832983,"1","3738",TRUE,"Female",0,"No","No",5,"Yes","Yes","DSL","No","No","No","No","No","No","Month-to-month","Yes","Mailed check",50.6,249.95,"1","level-2","0-6 Month"
"89","8614-VGMMV",11.1924699468007,4.75466813419805,"1","3797",TRUE,"Female",0,"No","No",15,"Yes","Yes","DSL","No","No","No","No","No","No","Month-to-month","Yes","Electronic check",49.1,679.55,"1","level-1","12-24 Month"
"90","8648-PFRMP",11.1300025697234,5.04969803107018,"1","2967",TRUE,"Female",1,"No","No",14,"No","No","DSL","No","No","No","No","Yes","Yes","Month-to-month","Yes","Electronic check",46.35,672.7,"0","level-1","12-24 Month"
"91","8705-WZCYL",12.9004079341165,6.69255726097773,"1","323",TRUE,"Male",0,"No","No",1,"Yes","No","DSL","No","No","No","No","No","No","Month-to-month","Yes","Electronic check",44.8,44.8,"0","level-1","0-6 Month"
"92","8720-RQSBJ",12.8333138082167,6.78616018806832,"1","3944",TRUE,"Male",1,"No","No",1,"Yes","No","DSL","No","No","No","No","No","No","Month-to-month","No","Electronic check",44,44,"0","level-1","0-6 Month"
"93","8903-XEBGX",13.2283523588089,5.51500413553377,"1","5717",TRUE,"Male",0,"No","Yes",2,"Yes","No","DSL","No","No","No","No","No","Yes","Month-to-month","Yes","Electronic check",55.3,108.65,"0","level-2","0-6 Month"
"94","8950-MTZNV",12.928702771774,6.6778622569852,"1","3453",TRUE,"Male",0,"No","No",1,"Yes","No","DSL","No","No","No","No","No","No","Month-to-month","Yes","Mailed check",44.95,44.95,"0","level-1","0-6 Month"
"95","9057-MSWCO",9.89947532662419,5.32696343970017,"1","359",TRUE,"Male",1,"Yes","No",27,"No","No","DSL","Yes","No","No","No","No","No","Month-to-month","No","Credit card (automatic)",30.75,805.1,"1","level-1","24-36 Month"
"96","9103-TCIHJ",11.3531363155598,4.20538670066099,"1","5007",TRUE,"Female",0,"No","No",15,"Yes","Yes","DSL","Yes","No","No","No","No","No","Month-to-month","Yes","Mailed check",55.7,899.8,"1","level-2","12-24 Month"
"97","9170-GYZJC",9.90071054385857,3.19390654274259,"1","2823",TRUE,"Female",0,"Yes","Yes",41,"Yes","Yes","DSL","Yes","Yes","Yes","Yes","No","Yes","Month-to-month","No","Credit card (automatic)",79.9,3326.2,"1","level-3","36-48 Month"
"98","9206-GVPEQ",11.5843179555023,4.44136597388612,"1","2493",TRUE,"Male",0,"Yes","No",13,"No","No","DSL","Yes","No","No","Yes","Yes","Yes","Month-to-month","Yes","Electronic check",54.45,706.85,"1","level-2","12-24 Month"
"99","9214-EKVXR",12.8333138082167,6.78616018806832,"1","5869",TRUE,"Female",0,"No","No",1,"Yes","No","DSL","No","No","No","No","No","No","Month-to-month","Yes","Mailed check",44,44,"0","level-1","0-6 Month"
"100","9259-PACGQ",10.1383985466635,3.39328368352531,"1","6633",TRUE,"Female",0,"Yes","No",34,"Yes","Yes","DSL","Yes","Yes","No","Yes","No","No","Month-to-month","No","Electronic check",62.65,2274.9,"1","level-2","24-36 Month"
"101","9269-CQOOL",12.9358446690621,5.35951756745431,"1","1342",TRUE,"Male",0,"No","Yes",3,"Yes","No","DSL","No","No","No","No","Yes","No","Month-to-month","Yes","Credit card (automatic)",54.7,169.45,"1","level-2","0-6 Month"
"102","9505-SQFSW",12.2012135998324,6.83459053800849,"1","777",TRUE,"Female",0,"Yes","Yes",3,"No","No","DSL","No","Yes","No","No","No","Yes","Month-to-month","No","Mailed check",40.3,92.5,"0","level-1","0-6 Month"
"103","9530-EHPOH",11.7917855963862,4.61963681833556,"1","5276",TRUE,"Male",0,"No","No",11,"Yes","Yes","DSL","No","No","Yes","No","No","No","Month-to-month","No","Electronic check",53.75,608,"1","level-2","6-12 Month"
"104","9572-WUKSB",11.6043603788862,7.51142474736291,"1","6778",TRUE,"Male",0,"Yes","No",3,"No","No","DSL","No","No","No","Yes","No","No","Month-to-month","Yes","Electronic check",29.9,92.25,"0","level-1","0-6 Month"
"105","9578-VRMNM",11.5238356010283,3.78431399950868,"1","2282",TRUE,"Female",0,"No","No",16,"Yes","Yes","DSL","No","No","Yes","No","No","Yes","Month-to-month","Yes","Credit card (automatic)",65.2,1043.35,"1","level-2","12-24 Month"
"106","9637-EIHEQ",13.1752669008771,6.04025690416954,"1","5376",TRUE,"Female",0,"No","No",1,"Yes","No","DSL","No","No","No","Yes","No","No","Month-to-month","Yes","Electronic check",50.8,50.8,"1","level-2","0-6 Month"
"107","9667-EQRXU",9.94714568222193,4.58233269995365,"1","4053",TRUE,"Female",1,"No","No",30,"No","No","DSL","No","No","Yes","No","Yes","No","Month-to-month","Yes","Electronic check",40.3,1172.95,"1","level-1","24-36 Month"
"108","9708-HPXWZ",12.0977592675403,6.03957383080565,"1","4339",TRUE,"Male",1,"No","No",5,"No","No","DSL","No","No","Yes","Yes","Yes","No","Month-to-month","No","Credit card (automatic)",45.4,214.75,"0","level-1","0-6 Month"
